# SHA256	Destination	URL (immutable revision)
e8b59fe10a4daa3cd2b127479f40b9856cfe3677154e8f24ae2aa70e3bb7c8eb	boot/bootcode.bin	https://raw.githubusercontent.com/raspberrypi/firmware/12eeaa12865869b07db760f4bbb7507ec6f1976c/boot/bootcode.bin
55049e2e35d6ddff3e5b93d6cface5cdc6df4e7ab1474af78d1af6ce8db4c9df	boot/start.elf	https://raw.githubusercontent.com/raspberrypi/firmware/12eeaa12865869b07db760f4bbb7507ec6f1976c/boot/start.elf
b2d19b8c300b5a4ddbd0fcff3a0f7de61a171046269d8724e74f616058417d4b	boot/fixup.dat	https://raw.githubusercontent.com/raspberrypi/firmware/12eeaa12865869b07db760f4bbb7507ec6f1976c/boot/fixup.dat
c7283ff51f863d93a275c66e3b4cb08021a5dd4d8c1e7acc47d872fbe52d3d6b	boot/LICENCE.broadcom	https://raw.githubusercontent.com/raspberrypi/firmware/12eeaa12865869b07db760f4bbb7507ec6f1976c/boot/LICENCE.broadcom
510a7dd1e056199b309425548ee0bd846993a1837ac7fa1e4d3e641f05a1327a	wifi/brcmfmac43436-sdio.bin	https://raw.githubusercontent.com/RPi-Distro/firmware-nonfree/3bab0f823f5b53150b76aab77093adef6655b920/debian/added-firmware/brcm/brcmfmac43436-sdio.bin
fce7cbb62ffa6a5a65ca97b13f6fbf28d06c02d986c2072d65bf72164755fc34	wifi/brcmfmac43436-sdio.clm_blob	https://raw.githubusercontent.com/RPi-Distro/firmware-nonfree/3bab0f823f5b53150b76aab77093adef6655b920/debian/added-firmware/brcm/brcmfmac43436-sdio.clm_blob
4cda90facd8844cff60d80b34b24ecbae76adb9a62508a109461b8bf42b478d1	wifi/brcmfmac43436-sdio.txt	https://raw.githubusercontent.com/RPi-Distro/firmware-nonfree/3bab0f823f5b53150b76aab77093adef6655b920/debian/added-firmware/brcm/brcmfmac43436-sdio.txt
68b9bcc9855d91733cd44c21de4cb507c91b0d32d838c0696def5eb96c99e2de	wifi/brcmfmac43436s-sdio.bin	https://raw.githubusercontent.com/RPi-Distro/firmware-nonfree/3bab0f823f5b53150b76aab77093adef6655b920/debian/added-firmware/brcm/brcmfmac43436s-sdio.bin
37a8b85a5a9742761101b764a07bc4d0c8b09f2e180eaea3b503a834277ad595	wifi/brcmfmac43436s-sdio.txt	https://raw.githubusercontent.com/RPi-Distro/firmware-nonfree/3bab0f823f5b53150b76aab77093adef6655b920/debian/added-firmware/brcm/brcmfmac43436s-sdio.txt
ca709be81a78bdb6932936374f39943acbd7af07fae6151011127599a3ce9e3d	wifi/brcmfmac43455-sdio.txt	https://raw.githubusercontent.com/RPi-Distro/firmware-nonfree/3bab0f823f5b53150b76aab77093adef6655b920/debian/added-firmware/brcm/brcmfmac43455-sdio.txt
d608f866582519c0a28d86db43040f4f1b98dd1d153e72e9752586546b4a36c3	wifi/cyfmac43455-sdio-standard.bin	https://raw.githubusercontent.com/RPi-Distro/firmware-nonfree/3bab0f823f5b53150b76aab77093adef6655b920/debian/added-firmware/cypress/cyfmac43455-sdio-standard.bin
9823842cae9fb9a5dd1e5fb31f595516ec7deee341354bef30bb3026eee29cc1	wifi/cyfmac43455-sdio.clm_blob	https://raw.githubusercontent.com/RPi-Distro/firmware-nonfree/3bab0f823f5b53150b76aab77093adef6655b920/debian/added-firmware/cypress/cyfmac43455-sdio.clm_blob
07082fd0bb65e32c73af39a2292dd6c83f169be7427d338ba1fe34f9b86c0e30	wifi/copyright	https://raw.githubusercontent.com/RPi-Distro/firmware-nonfree/3bab0f823f5b53150b76aab77093adef6655b920/debian/copyright
c5432acc8373fa6311e147221b8ba5c8685b957730afac7592c5deac2b27e732	boot/bcm2712-rpi-5-b.dtb	https://raw.githubusercontent.com/raspberrypi/firmware/1e403e23baab5673f0494a200f57cd01287d5b1a/boot/bcm2712-rpi-5-b.dtb
51c45e77ddad91a19e96dc8fb75295b2087c279940df2634b23baf71b6dea42c	bluetooth/BCM4345C0.hcd	https://raw.githubusercontent.com/RPi-Distro/bluez-firmware/adb4d55c8f193ff16ece74dd72fd6e8801632103/debian/firmware/broadcom/BCM4345C0.hcd
79576e5ea6740845bf71ce96ad4e31cd49797c8e1a259d64670f48554b8eb67c	bluetooth/copyright	https://raw.githubusercontent.com/RPi-Distro/bluez-firmware/adb4d55c8f193ff16ece74dd72fd6e8801632103/debian/copyright
